0,1,2,3,file_name,Similarity_score
506.7935180664063,170.61346435546875,555.7935180664062,237.61346435546875,object_9_face_0.jpg,0.25043027984953403
