0,1,2,3,file_name,Similarity_score
555.8854064941406,209.00086975097656,611.8854064941406,284.00086975097656,object_7_face_0.jpg,0.30314605180147247
