0,1,2,3,file_name,Similarity_score
514.0272521972656,102.72396087646484,556.0272521972656,160.72396087646484,object_5_face_0.jpg,0.40935714245394705
