0,1,2,3,file_name,Similarity_score
530.5774383544922,183.1562767028809,579.5774383544922,255.1562767028809,object_5_face_0.jpg,0.2866536721057845
