0,1,2,3,file_name,Similarity_score
522.9010467529297,95.38358879089355,565.9010467529297,154.38358879089355,object_7_face_0.jpg,0.25393988576868
