0,1,2,3,file_name,Similarity_score
625.6664886474609,265.1765422821045,689.6664886474609,354.1765422821045,object_6_face_0.jpg,0.37295443710027476
