0,1,2,3,file_name,Similarity_score
507.1990661621094,114.91535186767578,553.1990661621094,177.91535186767578,object_4_face_1.jpg,0.17535077733863547
