0,1,2,3,file_name,Similarity_score
514.7803649902344,119.05253314971924,556.7803649902344,177.05253314971924,object_3_face_0.jpg,0.2705449267151161
