0,1,2,3,file_name,Similarity_score
506.1067352294922,143.56209182739258,557.1067352294922,209.56209182739255,object_7_face_0.jpg,0.22785779793807093
