0,1,2,3,file_name,Similarity_score
663.4214782714844,324.64648818969727,733.4214782714844,420.64648818969727,object_5_face_0.jpg,0.2727479109829508
