0,1,2,3,file_name,Similarity_score
502.0102233886719,87.72575187683105,543.0102233886719,143.72575187683103,object_5_face_0.jpg,0.4730747084111525
