0,1,2,3,file_name,Similarity_score
556.9230041503906,211.3125267028809,610.9230041503906,283.31252670288086,object_5_face_0.jpg,0.308347779702861
