0,1,2,3,file_name,Similarity_score
646.0143737792969,365.31681060791016,718.0143737792969,467.31681060791016,object_4_face_0.jpg,0.2931066647296142
