0,1,2,3,file_name,Similarity_score
522.0084991455078,80.36710739135742,562.0084991455078,134.36710739135742,object_4_face_0.jpg,0.6660896592791351
