0,1,2,3,file_name,Similarity_score
580.444091796875,431.1010055541992,657.444091796875,539.1010055541992,object_5_face_0.jpg,0.28976043839508525
