0,1,2,3,file_name,Similarity_score
509.32872009277344,142.27968406677246,556.3287200927734,208.2796840667725,object_3_face_0.jpg,0.2871384143745208
