0,1,2,3,file_name,Similarity_score
505.69361877441406,132.64186096191406,552.6936187744141,195.6418609619141,object_3_face_0.jpg,0.11186198105781697
