0,1,2,3,file_name,Similarity_score
466.3258666992188,55.19497108459473,504.3258666992188,107.19497108459473,object_0_face_1.jpg,0.6545719643877885
