0,1,2,3,file_name,Similarity_score
520.3401184082031,109.69806480407716,563.3401184082031,169.69806480407715,object_4_face_0.jpg,0.20288404060327048
