0,1,2,3,file_name,Similarity_score
600.9166870117188,234.44610595703125,658.9166870117188,319.44610595703125,object_7_face_0.jpg,0.5324412965237391
