0,1,2,3,file_name,Similarity_score
609.6387176513672,257.45890045166016,671.6387176513672,344.45890045166016,object_5_face_0.jpg,0.5052285833390296
