0,1,2,3,file_name,Similarity_score
504.44769287109375,79.13294219970703,544.4476928710938,134.13294219970703,object_4_face_0.jpg,0.6596566230274217
