0,1,2,3,file_name,Similarity_score
522.9009094238281,95.3804988861084,565.9009094238281,154.3804988861084,object_7_face_0.jpg,0.2535227479579253
