0,1,2,3,file_name,Similarity_score
460.5672149658203,71.22074699401855,498.5672149658203,122.22074699401855,object_1_face_1.jpg,0.6464422400982004
