0,1,2,3,file_name,Similarity_score
582.6650695800781,209.61911392211917,640.6650695800781,286.61911392211914,object_6_face_0.jpg,0.345912359779208
