0,1,2,3,file_name,Similarity_score
432.58697509765625,609.017261505127,514.5869750976562,719.017261505127,object_2_face_0.jpg,0.467022273550994
