0,1,2,3,file_name,Similarity_score
585.9377136230469,53.81927490234375,622.9377136230469,105.81927490234376,object_2_face_0.jpg,0.66028143967932
