0,1,2,3,file_name,Similarity_score
609.8834228515625,412.27318572998047,684.8834228515625,513.2731857299805,object_4_face_0.jpg,0.29007669738301456
