0,1,2,3,file_name,Similarity_score
555.3228607177734,502.8430709838867,631.3228607177734,617.8430709838867,object_6_face_0.jpg,0.2796416057555329
