0,1,2,3,file_name,Similarity_score
650.0575103759766,311.9383239746094,716.0575103759766,402.9383239746094,object_4_face_0.jpg,0.30497093829052835
