0,1,2,3,file_name,Similarity_score
509.3314208984375,142.29152870178223,556.3314208984375,208.29152870178223,object_4_face_0.jpg,0.2846015895214151
