0,1,2,3,file_name,Similarity_score
503.2092742919922,535.9437446594238,584.2092742919922,655.9437446594238,object_6_face_0.jpg,0.2792938476092598
