0,1,2,3,file_name,Similarity_score
555.3285827636719,502.84550857543945,631.3285827636719,617.8455085754395,object_6_face_0.jpg,0.2796416057555329
