0,1,2,3,file_name,Similarity_score
650.07275390625,311.9436111450196,716.07275390625,402.94361114501953,object_4_face_0.jpg,0.30402480418035804
