0,1,2,3,file_name,Similarity_score
600.4410552978516,42.25455856323242,634.4410552978516,86.25455856323242,object_0_face_0.jpg,0.6581839291356206
