0,1,2,3,file_name,Similarity_score
505.1906280517578,171.0112648010254,559.1906280517578,242.0112648010254,object_7_face_0.jpg,0.22647252262277284
